SIZE,BF_TIME,DP_TIME
3,3.44E-5,4.24E-5
4,2.3E-5,1.76E-5
5,4.04E-5,2.01E-5
6,1.599E-4,2.05E-5
7,5.888E-4,2.58E-5
8,0.0023993,3.86E-5
9,0.0142878,4.58E-5
10,0.0471503,8.2E-5
11,0.3802384,8.29E-5
12,4.0821141,7.75E-5
