SIZE,BF_TIME,DP_TIME
3,3.55E-5,2.31E-5
4,2.41E-5,1.75E-5
5,4.3E-5,1.93E-5
6,1.6E-4,2.49E-5
7,5.314E-4,2.63E-5
8,0.001323,2.92E-5
9,0.0079851,8.73E-5
10,0.0479816,5.78E-5
11,0.3987212,7.81E-5
12,4.2765834,7.85E-5
