SIZE,DP_TIME,dijkstra_TIME
3,8.4E-6,7.9E-6
6,1.02E-5,3.5E-6
12,6.42E-5,7.5E-6
24,4.521E-4,2.5E-5
48,0.0021377,8.26E-5
96,0.0041501,3.196E-4
192,0.0114435,0.0012433
384,0.0367096,0.001142
768,0.2790772,0.0030496
